<menubar>
	<menubar id="view">
		<item id="show_bk_gcom">Transparent Background</item>
		<item id="view_encoding">View Encoding</item>
		<item id="view_full_screen" img="full_screen_16.png">Full Screen</item>
		<item id="view_gradual_filling" img="gradual_filling_16.png">Gradual Filling</item>
		<item id="karaoke_bouncing_ball">Bouncing Ball</item>
	</menubar>
	<menubar id="execute">
		<item id="execute_play">Play</item>
		<item id="execute_stop">Stop</item>
		<item id="execute_pause">Pause</item>
		<item id="execute_playlist_play">Play playlist</item>
		<item id="execute_previous">Previous</item>
		<item id="execute_next">Next</item>
		<item id="execute_minus">Minus One</item>
		<item id="execute_auto_record">Auto Recording</item>
	</menubar>
</menubar>